Training Error,Training Loss,Validation Error,Validation Loss
0.0743894902310744,0.2596353647866664,0.10313491269682508,0.35978706719585196
