Training Error,Training Loss,Validation Error,Validation Loss
0.07307397406531496,0.25815842701708647,0.09941988398573784,0.3546718506544536
